<?xml version="1.0" encoding="UTF-8" standalone="yes"?>
<addon id="plugin.video.YouTube_Vault" name="YouTube Vault" version="1.1.4" provider-name="Tvaddons">
  <requires>
    <import addon="xbmc.python" version="2.1.0"/>
    <import addon="plugin.video.youtube"/>
  </requires>
  <extension point="xbmc.python.pluginsource" library="addon.py">
    <provides>video</provides>
  </extension>
  <extension point="xbmc.addon.metadata">
    <language>en</language>
    <summary lang="en">Watch Movies/Tv Shows/Cartoons/Music Videos/And The Latest News And Sports Clips From YouTube </summary>
    <description lang="en">Watch Movies/Tv Shows/Cartoons/Music Videos/And The Latest News And Sports Clips From Tvaddons YouTube Vault addon
        [COLOR blue]Brought to you In association with TVADDONS.co[/COLOR]
	</description>
    <disclaimer lang="en">[COLOR blue]Please Visit TvAddons.co For Support[/COLOR]
        [COLOR red]forums.tvaddons.co[/COLOR]
    </disclaimer>
    <platform>all</platform>
  </extension>
</addon>
