<?xml version="1.0" encoding="UTF-8" standalone="yes"?>
<addon id="plugin.program.reddit_browser" name="Reddit Browser" version="1.0.0" provider-name="tvaddons">
    <requires>
        <import addon="xbmc.python" version="2.24.0"/>
        <import addon="script.module.tulip" version="2.0.22"/>
        <import addon="script.module.pyxbmct" version="1.2.0"/>
        <import addon="script.module.urlresolver" version="5.0.06"/>
        <!--<import addon="script.module.resolveurl" version="5.0.06"/>-->
        <import addon="plugin.video.youtube" version="6.1.4"/>
        <import addon="repository.xbmchub" version="3.0.0"/>
    </requires>
    <extension point="xbmc.python.pluginsource" library="main.py">
        <provides>video audio image executable</provides>
    </extension>
    <extension point="xbmc.addon.metadata">
        <reuselanguageinvoker>false</reuselanguageinvoker>
        <platform>all</platform>
        <summary lang="en_GB">Reddit Browser addon</summary>
        <summary lang="el_GR">Πρόσθετο Reddit Browser</summary>
        <description lang="en_GB">Reddit Browser is an addon able to browse Reddit and play various forms of media and show text comments</description>
        <description lang="el_GR">Το πρόσθετο Reddit Browser είναι μια μικροεφαρμογή πλοήγησης του Reddit που επιτρέπει την αναπαραγωγή διαφόρων ειδών πολυμέσων και προβολή σχολίων και νημάτων</description>
        <disclaimer lang="en_GB">Kodi is a registered trademark of the XBMC Foundation.[CR]We are not connected to or in any other way affiliated with Kodi - DMCA: legal@tvaddons.co</disclaimer>
        <language>en</language>
        <license>GNU GPL, version 2</license>
        <website>https://www.tvaddons.co/</website>
        <forum>https://www.tvaddons.co/forums/index.php</forum>
        <source>https://github.com/tvaddonsco/plugin.program.reddit_browser</source>
        <size>1706529</size>
        <news>1.0.0 - Initial Release</news>
        <assets>
            <icon>icon.png</icon>
            <fanart>fanart.jpg</fanart>
        </assets>
    </extension>
</addon>
